-- clients_sites
INSERT INTO partners.clients_sites (id, client_id, name, domain, category_platform, languages_id, push_providers_id, sources_id, nationality, cooperation_types_priority, sources_types_id, id_partners_1, can_promote_news, default_widget_categories_filter, who_add, tier_id, when_add, post_moderation_enabled, publishers_ads_moderation_enabled, widgets_amp_spa_support, mirror_domains) VALUES
(   1,    1,                     'testsitemg.com',                     'testsitemg.com', 120,  1, null, 8820, null,                                  '["wages", "int_exchange"]', 11,    0, 1, 0, 'user_auto',    6, '2019-07-09 01:30:12', 0, 0, 1, ''),
(   2,    2,                   'testsiteadsk.com',                   'testsiteadsk.com', 120,  1, null, null, null,                                                  '["wages"]', 11,    0, 1, 0, 'user_auto',    5, '2019-07-09 01:30:12', 0, 0, 1, ''),
(   3,    3,                     'testsiteim.com',                     'testsiteim.com', 120,  1, null, null, 'ua',                                               '["exchange"]', 11,    1, 1, 0, 'user_auto', null, '2019-07-09 01:30:12', 0, 0, 1, ''),
(   4,    4,                  'testsiteideal.com',                  'testsiteideal.com', 120,  1, null, null, 'ua',                                      '["exchange", "video"]', 11,    2, 1, 0, 'user_auto', null, '2019-07-09 01:30:12', 0, 0, 1, ''),
(   5,    1,                  'testsitemgtre.com',                  'testsitemgtre.com', 120,  1, null, null, null,                         '["wages", "int_exchange", "video"]', 11,    0, 1, 0, 'user_auto',    4, '2019-07-09 01:30:12', 0, 0, 1, ''),
(   6,    1,                'testsitegoodsmg.com',                'testsitegoodsmg.com', 120,  1, null, null, null,                                   '["int_exchange","video"]', 11,    0, 1, 0, 'user_auto', null, '2019-07-09 01:30:12', 0, 0, 1, ''),
(   7,    2,              'testsitegoodsadsk.com',              'testsitegoodsadsk.com', 120,  1, null, null, null,                                   '["int_exchange","video"]', 11,    0, 1, 0, 'user_auto', null, '2019-07-09 01:30:12', 0, 0, 1, ''),
(   8,    1,             'test.matkovskiy.com.ua',             'test.matkovskiy.com.ua', 120,  1, null, null, null,                         '["wages", "int_exchange", "video"]', 11,    0, 1, 0, 'user_auto',    3, '2019-07-09 01:30:12', 0, 0, 1, ''),
(   9,    9,                 'testsitelenta1.com',                 'testsitelenta1.com', 120,  1, null, null, 'ua',                                               '["exchange"]', 11,    3, 1, 0, 'user_auto', null, '2019-07-09 01:30:12', 0, 0, 1, ''),
(  10,   10,                 'testsitelenta2.com',                 'testsitelenta2.com', 120,  1, null, null, 'ua',                                               '["exchange"]', 11,    4, 1, 0, 'user_auto', null, '2019-07-09 01:30:12', 0, 0, 1, ''),
(  11,   11,                 'testsitelenta3.com',                 'testsitelenta3.com', 120,  1, null, null, 'ua',                                               '["exchange"]', 11,    5, 1, 0, 'user_auto', null, '2019-07-09 01:30:12', 0, 0, 1, ''),
(  12,   12,                    'testsitemg1.com',                    'testsitemg1.com', 120,  1, null, null, null,                                                  '["wages"]', 11,    0, 1, 0, 'user_auto', null, '2019-07-09 01:30:12', 0, 0, 1, ''),
(  13,   13,                    'testsitemg2.com',                    'testsitemg2.com', 120,  1, null, null, null,                                                  '["wages"]', 11,    0, 1, 0, 'user_auto', null, '2019-07-09 01:30:12', 0, 0, 1, ''),
(  14,   14,                    'testsitemg3.com',                    'testsitemg3.com', 120,  1, null, null, null,                                                  '["wages"]', 11,    0, 1, 0, 'user_auto', null, '2019-07-09 01:30:12', 0, 0, 1, ''),
(  15,   15,                 'testsitelenta4.com',                 'testsitelenta4.com', 120,  1, null, null, 'ua',                                               '["exchange"]', 11,    6, 1, 0, 'user_auto', null, '2019-07-09 01:30:12', 0, 0, 1, ''),
(  16,   16,                 'testsitelenta6.com',                 'testsitelenta6.com', 120,  1, null, null, 'ua',                                               '["exchange"]', 11,    7, 1, 0, 'user_auto', null, '2019-07-09 01:30:12', 0, 0, 1, ''),
(  17,    1,            'siteforremoderation.com',            'siteforremoderation.com', 120,  1, null, null, null,                                                  '["wages"]', 11,    0, 1, 0, 'user_auto',    2, '2019-07-09 01:30:12', 0, 0, 1, ''),
(  18,    1,     'siteforadstxtcooptypecheck.com',     'siteforadstxtcooptypecheck.com', 120,  1, null, 8820, null,                                                  '["wages"]', 11,    0, 1, 0, 'user_auto',    1, '2019-07-09 01:30:12', 0, 0, 1, ''),
(  19,    1,                 'sub.testsitemg.com',                 'sub.testsitemg.com', 120,  1, null, null, null,                                  '["wages", "int_exchange"]', 11,    0, 1, 0, 'user_auto',    5, '2019-07-09 01:30:12', 0, 0, 1, ''),
(  20,    1,              'testpruductfilter.com',              'testpruductfilter.com', 120,  1, null, null, null,                                  '["wages", "int_exchange"]', 11,    0, 1, 0, 'user_auto', null, '2019-07-09 01:30:12', 0, 0, 1, ''),
(  21,    1,                   'newdomainzcb.com',                   'newdomainzcb.com', 120,  1, null, null, null,                                  '["wages", "int_exchange"]', 11,    0, 1, 0, 'user_auto',    5, '2019-07-09 01:30:12', 0, 0, 1, ''),
(  22,   22,                    'testsitemg4.com',                    'testsitemg4.com', 120,  1, null, null, null,                                                  '["wages"]', 11,    0, 1, 0, 'user_auto', null, '2019-07-09 01:30:12', 0, 0, 1, ''),
(  23,    1,                    'testsitemg5.com',                    'testsitemg5.com', 120,  1, null, 8820, null,                                                  '["wages"]', 11,    0, 1, 0, 'user_auto', null, '2019-07-09 01:30:12', 0, 0, 1, ''),
(  24,   25,                     'testsite25.com',                     'testsite25.com', 120,  1, null, null, null,                                                  '["wages"]', 11,    0, 1, 0, 'user_auto',    6, '2019-07-09 01:30:12', 0, 0, 1, ''),
(  25,   26,                     'testsite26.com',                     'testsite26.com', 120,  1, null, null, null,                                                  '["wages"]', 11,    0, 1, 0, 'user_auto',    6, '2019-07-09 01:30:12', 0, 0, 1, ''),
(  26,   27,                     'testsite27.com',                     'testsite27.com', 120,  1, null, null, null,                                                  '["wages"]', 11,    0, 1, 0, 'user_auto',    6, '2019-07-09 01:30:12', 0, 0, 1, ''),
(  27,   28,                     'testsite28.com',                     'testsite28.com', 123,  1, null, null, 'ua',                                               '["exchange"]', 11,    8, 1, 0, 'user_auto', null, '2019-07-09 01:30:12', 0, 0, 1, ''),
(  28,    1,                     'testsite29.com',                     'testsite29.com', 120,  1, null, null, null,                                                  '["wages"]', 11,    0, 1, 0, 'user_auto', null, '2019-07-09 01:30:12', 0, 0, 1, ''),
(  29,   29,                     'testsite30.com',                     'testsite30.com', 120,  1, null, null, null,                                                  '["wages"]', 11,    0, 1, 0, 'user_auto', null, '2019-07-09 01:30:12', 0, 0, 1, ''),
(  30,   30,                     'testsite31.com',                     'testsite31.com', 120,  1, null, null, null,                                                  '["wages"]', 11,    0, 1, 0, 'user_auto', null, '2019-07-09 01:30:12', 0, 0, 1, ''),
(  31,   31,                     'testsite32.com',                     'testsite32.com', 149,  1,  130, null, null,                                                  '["wages"]', 11,    0, 1, 0, 'user_auto', null, '2019-07-09 01:30:12', 0, 0, 1, ''),
(  32,   31,                     'testsite33.com',                     'testsite33.com', 120,  1, null, null, null,                                                  '["wages"]', 11,    0, 1, 0, 'user_auto', null, '2019-07-09 01:30:12', 0, 0, 1, ''),
(  33,   31,                     'testsite34.com',                     'testsite34.com', 120,  1, null, null, null,                                                  '["wages"]', 11,    0, 1, 0, 'user_auto',    2, '2019-07-09 01:30:12', 0, 0, 1, ''),
(  34,   32,                     'testsite35.com',                     'testsite35.com', 149,  1,  130, null, null,                                  '["wages", "int_exchange"]', 11,    0, 1, 0, 'user_auto',    2, '2019-07-09 01:30:12', 0, 0, 1, ''),
(  35,    1,                     'testsite36.com',                     'testsite36.com', 120,  1, null, null, null,                                                  '["wages"]', 11,    0, 1, 0, 'user_auto',    6, '2019-07-09 01:30:12', 0, 0, 1, ''),
(  36,    1,                     'testsite37.com',                     'testsite37.com', 120,  1, null, null, null,                                  '["wages", "int_exchange"]', 11,    0, 1, 0, 'user_auto',    6, '2019-07-09 01:30:12', 0, 0, 1, ''),
(  37,   29,                     'testsite38.com',                     'testsite38.com', 120,  1, null, 8820, null,                                                  '["wages"]', 11,    0, 1, 0, 'user_auto',    6, '2019-07-09 01:30:12', 0, 0, 1, ''),
(  38,   29,                     'testsite39.com',                     'testsite39.com', 120,  1, null, null, null,                                                  '["wages"]', 11,    0, 1, 0, 'user_auto', null, '2019-07-09 01:30:12', 0, 0, 1, ''),
(  39,   29,                     'testsite40.com',                     'testsite40.com', 120,  1, null, 8820, null,                                                  '["wages"]', 11,    0, 1, 0, 'user_auto',    6, '2019-07-09 01:30:12', 0, 0, 1, ''),
(  40,   29,                     'testsite41.com',                     'testsite41.com', 120,  1, null, null, null,                                                  '["wages"]', 11,    0, 1, 0, 'user_auto', null, '2019-07-09 01:30:12', 0, 0, 1, ''),
(  41,   29,                     'testsite42.com',                     'testsite42.com', 120,  1, null, null, null,                                                  '["wages"]', 11,    0, 1, 0, 'user_auto', null, '2019-07-09 01:30:12', 0, 0, 1, ''),
(  42,   29,                     'testsite43.com',                     'testsite43.com', 120,  1, null, null, null,                                                  '["wages"]', 11,    0, 1, 0, 'user_auto',    2, '2019-07-09 01:30:12', 0, 0, 1, ''),
(  43,   29,                     'testsite44.com',                     'testsite44.com', 120,  1, null, null, 'ua',                                                  '["wages"]', 11,    0, 1, 0, 'user_auto',    2, '2019-07-09 01:30:12', 0, 0, 1, ''),
(  44,   29,                     'testsite45.com',                     'testsite45.com', 149,  1, null, null, null,                                                  '["wages"]', 11,    0, 1, 0, 'user_auto',    2, '2019-07-09 01:30:12', 0, 0, 1, ''),
(  45,   29,                     'testsite46.com',                     'testsite46.com', 120,  1, null, null, null,                                                  '["wages"]', 11,    0, 1, 0, 'user_auto',    2, '2019-07-09 01:30:12', 0, 0, 1, ''),
(  46,   29,                     'testsite47.com',                     'testsite47.com',   0,  1, null, null, null,                                                  '["wages"]', 11,    0, 1, 0, 'user_auto',    2, '2019-07-09 01:30:12', 0, 0, 1, ''),
(  47,   29,                     'testsite48.com',                     'testsite48.com', 120,  1, null, null, null,                                                  '["wages"]', 11,    0, 1, 0, 'user_auto',    6, '2019-07-09 01:30:12', 0, 0, 1, ''),
(  48,   29,                     'testsite49.com',                     'testsite49.com', 120,  1, null, null, null,                                                  '["wages"]', 11,    0, 1, 0, 'user_auto',    2, '2019-07-09 01:30:12', 0, 0, 1, ''),
(  49,   29,                     'testsite50.com',                     'testsite50.com', 120,  1, null, null, null,                                                  '["wages"]', 11,    0, 1, 0, 'user_auto',    2, '2019-07-09 01:30:12', 0, 0, 1, ''),
(  50,   29,                     'testsite51.com',                     'testsite51.com', 150,  1,  130, null, null,                                                  '["wages"]', 11,    0, 1, 0, 'user_auto',    2, '2019-07-09 01:30:12', 0, 0, 1, ''),
(  51,   29,                     'testsite52.com',                     'testsite52.com', 108,  1, null, 8820, null,                                                  '["wages"]', 11,    0, 1, 0, 'user_auto',    2, '2019-07-09 01:30:12', 0, 0, 1, ''),
(  52,    1,                     'testsite53.com',                     'testsite53.com', 120,  1, null, null, null,                                  '["wages", "int_exchange"]', 11,    0, 1, 0, 'user_auto',    1, '2019-07-09 01:30:12', 0, 0, 1, ''),
(  53,   29,                     'testsite54.com',                     'testsite54.com', 149,  1, null, null, null,                                                  '["wages"]', 11,    0, 1, 0, 'user_auto',    2, '2019-07-09 01:30:12', 0, 0, 1, ''),
(  54,   29,                     'testsite55.com',                     'testsite55.com', 120,  1, null, null, null,                                                  '["wages"]', 11,    0, 1, 0, 'user_auto',    2, '2019-07-09 01:30:12', 0, 0, 1, ''),
(  55,   29,                     'testsite56.com',                     'testsite56.com', 120,  1, null, null, null,                                                  '["wages"]', 11,    0, 1, 0, 'user_auto',    6, '2019-07-09 01:30:12', 0, 0, 1, ''),
(  56,   18,                     'testsite57.com',                     'testsite57.com', 120,  1, null, 8820, null,                                                  '["wages"]', 11,    0, 1, 0, 'user_auto',    6, '2019-07-09 01:30:12', 0, 0, 1, ''),
(  57,    4,                     'testsite58.com',                     'testsite58.com', 123,  1, null, 8820, 'ua',                                       '["exchange","wages"]', 11,    9, 1, 0, 'user_auto',    4, '2019-07-09 01:30:12', 0, 0, 1, ''),
(  58,   33,                     'testsite59.com',                     'testsite59.com', 120,  1, null, 8820, null,                                                  '["wages"]', 11,    0, 1, 0, 'user_auto',    2, '2019-07-09 01:30:12', 0, 0, 1, ''),
(  59,   34,                     'testsite60.com',                     'testsite60.com', 120,  1, null, 8820, null,                                                  '["wages"]', 11,    0, 1, 0, 'user_auto',    2, '2019-07-09 01:30:12', 0, 0, 1, ''),
(  60,    1,                     'testsite61.com',                     'testsite61.com', 120,  1, null, 8820, null,                                  '["wages", "int_exchange"]', 11,    0, 1, 0, 'user_auto',    6, '2019-07-09 01:30:12', 0, 0, 1, ''),
(  61,   35,                     'testsite62.com',                     'testsite62.com', 120,  1, null, 8820, null,                                                  '["wages"]', 11,    0, 1, 0, 'user_auto',    6, '2019-07-09 01:30:12', 0, 0, 1, ''),
(  62,   35,                     'testsite63.com',                     'testsite63.com', 120,  1, null, 8820, null,                                                  '["wages"]', 11,    0, 1, 0, 'user_auto',    6, '2019-07-09 01:30:12', 0, 0, 1, ''),
(  63,   36,                     'testsite64.com',                     'testsite64.com', 120,  1, null, 8820, null,                                                  '["wages"]', 11,    0, 1, 0, 'user_auto',    2, '2019-07-09 01:30:12', 0, 0, 1, ''),
(  64,   37,                     'testsite65.com',                     'testsite65.com', 120,  1, null, null, 'ua',                                               '["exchange"]', 11,   11, 1, 0, 'user_auto', null, '2019-07-09 01:30:12', 0, 0, 1, ''),
(  65,   38,                     'testsite66.com',                     'testsite66.com', 120,  1, null, 8820, null,                                                  '["wages"]', 11,    0, 1, 0, 'user_auto',    2, '2019-07-09 01:30:12', 0, 0, 1, ''),
(  66,   39,                     'testsite67.com',                     'testsite67.com', 120,  1, null, 8820, null,                                                  '["wages"]', 11,    0, 1, 0, 'user_auto',    2, '2019-07-09 01:30:12', 0, 0, 1, ''),
(  67,   40,                     'testsite68.com',                     'testsite68.com', 120,  1, null, null, 'ua',                                               '["exchange"]', 11,   12, 1, 0, 'user_auto', null, '2019-07-09 01:30:12', 0, 0, 1, ''),
(  68,   41,                     'testsite69.com',                     'testsite69.com', 120,  1, null, 8820, null,                                                  '["wages"]', 11,    0, 1, 0, 'user_auto',    2, '2019-07-09 01:30:12', 0, 0, 1, ''),
(  69,   42,                     'testsite70.com',                     'testsite70.com', 120,  1, null, 8820, null,                                                  '["wages"]', 11,    0, 1, 0, 'user_auto',    2, '2019-07-09 01:30:12', 0, 0, 1, ''),
(  70,   43,                     'testsite71.com',                     'testsite71.com', 120,  1, null, null, null,                                                  '["wages"]', 11,    0, 1, 0, 'user_auto',    5, '2019-07-09 01:30:12', 0, 0, 1, ''),
(  71,   44,                     'testsite72.com',                     'testsite72.com', 120,  1, null, null, 'ua',                                               '["exchange"]', 11,   13, 1, 0, 'user_auto', null, '2019-07-09 01:30:12', 0, 0, 1, ''),
(  72,   45,                     'testsite73.com',                     'testsite73.com', 123,  1, null, null, 'ua',                                               '["exchange"]', 11,   14, 1, 0, 'user_auto', null, '2019-07-09 01:30:12', 0, 0, 1, ''),
(  73,   46,                     'testsite74.com',                     'testsite74.com', 123,  1, null, null, 'ua',                                               '["exchange"]', 11,   15, 1, 0, 'user_auto', null, '2019-07-09 01:30:12', 0, 0, 1, ''),
(  74,   47,                     'testsite75.com',                     'testsite75.com', 120,  1, null, null, 'ua',                                               '["exchange"]', 11,   16, 1, 0, 'user_auto', null, '2019-07-09 01:30:12', 0, 0, 1, ''),
(  75,   48,                     'testsite76.com',                     'testsite76.com', 120,  1, null, 8820, null,                                                  '["wages"]', 11,    0, 1, 0, 'user_auto',    2, '2019-07-09 01:30:12', 0, 0, 1, ''),
(  76,   49,                     'testsite77.com',                     'testsite77.com', 120,  1, null, 8820, null,                                                  '["wages"]', 11,    0, 1, 0, 'user_auto',    2, '2019-07-09 01:30:12', 0, 1, 1, ''),
(  77,   50,                     'testsite78.com',                     'testsite78.com', 123,  1, null, null, 'ua',                                               '["exchange"]', 11,   17, 1, 0, 'user_auto', null, '2019-07-09 01:30:12', 0, 0, 1, ''),
(  78,   51,                     'testsite79.com',                     'testsite79.com', 123,  1, null, null, 'ua',                                               '["exchange"]', 11,   18, 1, 0, 'user_auto', null, '2019-07-09 01:30:12', 0, 1, 1, ''),
(  80,   52,                     'testsite80.com',                     'testsite80.com', 120,  1, null, 8820, null,                                                  '["wages"]', 11,    0, 1, 0, 'user_auto',    2, '2019-07-09 01:30:12', 0, 0, 1, ''),
(  81,   53,                     'testsite81.com',                     'testsite81.com', 120,  1, null, 8820, null,                                                  '["wages"]', 11,    0, 1, 0, 'user_auto',    2, '2019-07-09 01:30:12', 0, 0, 1, ''),
(  82,   54,                     'testsite82.com',                     'testsite82.com', 120,  1, null, 8820, null,                                                  '["wages"]', 11,    0, 1, 0, 'user_auto', null, '2019-07-09 01:30:12', 0, 0, 1, ''),
(  83,   54,                     'testsite83.com',                     'testsite83.com', 120,  1, null, 8820, null,                                                  '["wages"]', 11,    0, 1, 0, 'user_auto',    1, '2019-07-09 01:30:12', 0, 0, 1, ''),
(  84,   54,                     'testsite84.com',                     'testsite84.com', 120,  1, null, 8820, null,                                                  '["wages"]', 11,    0, 1, 0, 'user_auto',    2, '2019-07-09 01:30:12', 0, 0, 1, ''),
(  85,   54,                     'testsite85.com',                     'testsite85.com', 120,  1, null, 8820, null,                                                  '["wages"]', 11,    0, 1, 0, 'user_auto',    3, '2019-07-09 01:30:12', 0, 0, 1, ''),
(  86,   54,                     'testsite86.com',                     'testsite86.com', 120,  1, null, 8820, null,                                                  '["wages"]', 11,    0, 1, 0, 'user_auto',    4, '2019-07-09 01:30:12', 0, 0, 1, ''),
(  87,   54,                     'testsite87.com',                     'testsite87.com', 120,  1, null, 8820, null,                                                  '["wages"]', 11,    0, 1, 0, 'user_auto',    5, '2019-07-09 01:30:12', 0, 1, 1, ''),
(  88,   54,                     'testsite88.com',                     'testsite88.com', 120,  1, null, 8820, null,                                                  '["wages"]', 11,    0, 1, 0, 'user_auto',    6, '2019-07-09 01:30:12', 0, 0, 1, ''),
(  89,   55,                     'testsite89.com',                     'testsite89.com', 123,  1, null, null, 'ua',                                '["exchange","int_exchange"]', 11,   19, 1, 0, 'user_auto', null, '2019-07-09 01:30:12', 0, 0, 1, ''),
(  90,   56,                     'testsite90.com',                     'testsite90.com', 120,  1, null, 8820, null,                                                  '["wages"]', 11,    0, 1, 0, 'user_auto',    6, '2019-07-09 01:30:12', 0, 0, 1, ''),
(  91,   57,                     'testsite91.com',                     'testsite91.com', 120,  1, null, 8820, null,                                                  '["wages"]', 11,    0, 1, 0, 'user_auto',    6, '2019-07-09 01:30:12', 0, 0, 1, ''),
(  92,   58,                     'testsite92.com',                     'testsite92.com', 123,  1, null, 8820, 'ua',                '["exchange","wages","video","int_exchange"]', 11,   20, 1, 0, 'user_auto',    4, '2019-07-09 01:30:12', 0, 0, 1, ''),
(  93,   59,                     'testsite93.com',                     'testsite93.com', 120,  1, null, 8820, null,                                                  '["wages"]', 11,    0, 1, 0, 'user_auto',    6, '2019-07-09 01:30:12', 0, 0, 1, ''),
(  94,   60,                     'testsite94.com',                     'testsite94.com', 120,  1, null, 8820, null,                                                  '["wages"]', 11,    0, 1, 0, 'user_auto',    6, '2019-07-09 01:30:12', 0, 0, 1, ''),
(  95,   61,                     'testsite95.com',                     'testsite95.com', 123,  1, null, 8820, 'ua',                '["exchange","wages","video","int_exchange"]', 11,   21, 1, 0, 'user_auto',    4, '2019-07-09 01:30:12', 0, 0, 1, ''),
(  96,   60,                     'testsite96.com',                     'testsite96.com', 120,  1, null, 8820, null,                                                  '["wages"]', 11,    0, 1, 0, 'user_auto',    6, '2019-07-09 01:30:12', 0, 1, 1, ''),
(  97,   62,                     'testsite97.com',                     'testsite97.com', 120,  1, null, 8820, null,                                                  '["wages"]', 11,    0, 1, 0, 'user_auto',    6, '2019-07-09 01:30:12', 0, 0, 1, ''),
(  98,   63,                     'testsite98.com',                     'testsite98.com', 120,  1, null, 8820, null,                                                  '["wages"]', 11,    0, 1, 0, 'user_auto',    6, '2019-07-09 01:30:12', 0, 0, 1, ''),
(  99,   43,                     'testsite99.com',                     'testsite99.com', 120,  1, null, null, null,                                                  '["wages"]', 11,    0, 1, 0, 'user_auto',    5, '2019-07-09 01:30:12', 0, 0, 1, ''),
( 100,   63,                    'testsite100.com',                    'testsite100.com', 120,  1, null, 8820, null,                                                  '["wages"]', 11,    0, 1, 0, 'user_auto',    6, '2019-07-09 01:30:12', 0, 0, 1, ''),
( 101,   63,                    'testsite101.com',                    'testsite101.com', 120,  1, null, 8820, null,                                                  '["wages"]', 11,    0, 1, 1, 'user_auto',    6, '2019-07-09 01:30:12', 0, 0, 1, ''),
( 102,   64,                    'testsite102.com',                    'testsite102.com', 120,  1, null, 8820, null,                                                  '["wages"]', 11,    0, 1, 1, 'user_auto',    6, '2019-07-09 01:30:12', 0, 0, 1, ''),
( 103,   64,                    'testsite103.com',                    'testsite103.com', 120,  1, null, 8820, null,                                                  '["wages"]', 11,    0, 1, 1, 'user_auto',    6, '2019-07-09 01:30:12', 0, 0, 1, ''),
( 104,   65,                    'testsite104.com',                    'testsite104.com', 123,  1, null, 8820, 'ua',                '["exchange","wages","video","int_exchange"]', 11,   22, 1, 1, 'user_auto',    6, '2019-07-09 01:30:12', 0, 0, 1, ''),
( 105,   60,                    'testsite105.com',                    'testsite105.com', 120,  1, null, 8820, null,                                                  '["wages"]', 11,    0, 1, 0, 'user_auto',    6, '2019-07-09 01:30:12', 0, 0, 1, ''),
( 106,   61,                    'testsite106.com',                    'testsite106.com', 123,  1, null, 8820, 'ua',                '["exchange","wages","video","int_exchange"]', 11,   23, 1, 0, 'user_auto',    4, '2019-07-09 01:30:12', 0, 0, 1, ''),
( 107,   60,                    'testsite107.com',                    'testsite107.com', 120,  1, null, 8820, null,                                                  '["wages"]', 11,    0, 1, 0, 'user_auto',    6, '2019-07-09 01:30:12', 0, 0, 1, ''),
( 108,   60,                    'testsite108.com',                    'testsite108.com', 120,  1, null, 8820, null,                                                  '["wages"]', 11,    0, 1, 0, 'user_auto',    6, '2019-07-09 01:30:12', 0, 0, 1, ''),
( 109,   60,                    'testsite109.com',                    'testsite109.com', 120,  1, null, 8820, null,                                                  '["wages"]', 11,    0, 1, 0, 'user_auto',    6, '2019-07-09 01:30:12', 0, 0, 1, ''),
( 110,   66,                    'testsite110.com',                    'testsite110.com', 123,  1, null, 8820, 'ua',                '["exchange","wages","video","int_exchange"]', 11,   24, 1, 0, 'user_auto',    4, '2019-07-09 01:30:12', 0, 0, 1, ''),
( 111,   66,                    'testsite111.com',                    'testsite111.com', 123,  1, null, 8820, 'ua',                '["exchange","wages","video","int_exchange"]', 11,   25, 1, 0, 'user_auto',    4, '2019-07-09 01:30:12', 0, 0, 1, ''),
( 112,   67,                    'testsite112.com',                    'testsite112.com', 123,  1, null, 8820, 'ua',                '["exchange","wages","video","int_exchange"]', 11,   26, 1, 0, 'user_auto',    4, '2019-07-09 01:30:12', 0, 0, 1, ''),
( 113,   67,                    'testsite113.com',                    'testsite113.com', 123,  1, null, 8820, 'ua',                '["exchange","wages","video","int_exchange"]', 11,   27, 1, 0, 'user_auto',    4, '2019-07-09 01:30:12', 0, 0, 1, ''),
( 114,   68,                    'testsite114.com',                    'testsite114.com', 120,  1, null, 8820, null,                                                  '["wages"]', 11,    0, 1, 0, 'user_auto',    6, '2019-07-09 01:30:12', 0, 0, 1, ''),
( 115,   69,                    'testsite115.com',                    'testsite115.com', 120,  1, null, 8820, null,                                          '["wages","video"]', 11,    0, 1, 0, 'user_auto',    6, '2019-07-09 01:30:12', 0, 0, 1, ''),
( 116,   71,                    'testsite116.com',                    'testsite116.com', 120,  1, null, 8820, null, '["wages","int_exchange","direct_publisher_demand","video"]', 11,    0, 1, 0, 'user_auto',    1, '2019-07-09 01:30:12', 0, 0, 1, ''),
( 117,   71,                    'testsite117.com',                    'testsite117.com', 120,  1, null, 8820, null,                                   '["wages","int_exchange"]', 11,    0, 1, 0, 'user_auto',    6, '2019-07-09 01:30:12', 0, 0, 1, ''),
( 118,   71,                    'testsite118.com',                    'testsite118.com', 120,  1, null, 8820, null, '["wages","video","int_exchange","direct_publisher_demand"]', 11,    0, 1, 0, 'user_auto',    3, '2019-07-09 01:30:12', 0, 0, 1, ''),
( 119,   72,                    'testsite119.com',                    'testsite119.com', 120,  1, null, 8820, null,                                                  '["wages"]', 11,    0, 1, 0, 'user_auto',    6, '2019-07-09 01:30:12', 0, 0, 1, ''),
( 120,   73,                    'testsite120.com',                    'testsite120.com', 120,  1, null, 8820, null,                                                  '["wages"]', 11,    0, 1, 0, 'user_auto',    6, '2019-07-09 01:30:12', 0, 0, 1, ''),
( 121,   73,                    'testsite121.com',                    'testsite121.com', 120,  1, null, 8820, null,                                                  '["wages"]', 11,    0, 1, 0, 'user_auto',    6, '2019-07-09 01:30:12', 0, 0, 1, ''),
( 122,   72,                    'testsite122.com',                    'testsite122.com', 120,  1, null, 8820, null,                                                  '["wages"]', 11,    0, 1, 0, 'user_auto',    6, '2019-07-09 01:30:12', 0, 0, 1, ''),
( 123,   74,                    'testsite123.com',                    'testsite123.com', 120,  1, null, 8820, null,         '["wages","int_exchange","direct_publisher_demand"]', 11,    0, 1, 0, 'user_auto',    3, '2019-07-09 01:30:12', 0, 0, 1, ''),
( 124,   75,                    'testsite124.com',                    'testsite124.com', 120,  1, null, 8820, null,                                                  '["wages"]', 11,    0, 1, 0, 'user_auto',    6, '2019-07-09 01:30:12', 0, 0, 1, ''),
( 125,   76,                    'testsite125.com',                    'testsite125.com', 123,  1, null, 8820, 'ua',                '["exchange","wages","video","int_exchange"]', 11,   28, 1, 0, 'user_auto',    4, '2019-07-09 01:30:12', 0, 0, 1, ''),
( 126,   77,                    'testsite126.com',                    'testsite126.com', 120,  1, null, 8820, null,                                                  '["wages"]', 11,    0, 1, 0, 'user_auto',    2, '2019-07-09 01:30:12', 0, 0, 1, ''),
( 127,   60,                    'testsite127.com',                    'testsite127.com', 120,  1, null, 8820, null,                                                  '["wages"]', 11,    0, 1, 0, 'user_auto',    6, '2019-07-09 01:30:12', 0, 1, 1, ''),
( 128,   60,                    'testsite128.com',                    'testsite128.com', 120,  1, null, 8820, null,                                                  '["wages"]', 11,    0, 1, 0, 'user_auto',    6, '2019-07-09 01:30:12', 0, 1, 1, ''),
( 129,   60,                    'testsite129.com',                    'testsite129.com', 120,  1, null, 8820, null,                                                  '["wages"]', 11,    0, 1, 0, 'user_auto',    6, '2019-07-09 01:30:12', 0, 1, 1, ''),
( 130, 2022,                    'testsite130.com',                    'testsite130.com', 120,  1, null, 8820, null,                                          '["wages","video"]', 11,    0, 1, 0, 'user_auto',    1, '2021-02-23 13:14:00', 0, 0, 1, ''),
( 131,   78,                    'testsite131.com',                    'testsite131.com', 123,  1, null, 8820, 'ua',                '["exchange","wages","video","int_exchange"]', 11,   29, 1, 0, 'user_auto',    4, '2019-07-09 01:30:12', 0, 0, 1, ''),
( 132,   71,                    'testsite132.com',                    'testsite132.com', 120,  1, null, 8820, null,                                   '["wages","int_exchange"]', 11,    0, 1, 0, 'user_auto',    6, '2019-07-09 01:30:12', 0, 0, 1, ''),
( 133,   79,                    'testsite133.com',                    'testsite133.com', 120,  1, null, 8820, null,                                          '["wages","video"]', 11,    0, 1, 0, 'user_auto',    1, '2019-07-09 01:30:12', 0, 0, 1, ''),
( 134,   49,                    'testsite134.com',                    'testsite134.com', 120,  1, null, 8820, null,                                                  '["wages"]', 11,    0, 1, 0, 'user_auto',    2, '2019-07-09 01:30:12', 0, 1, 1, ''),
( 135,   49,                    'testsite135.com',                    'testsite135.com', 120,  1, null, 8820, null,                                                  '["wages"]', 11,    0, 1, 0, 'user_auto',    2, '2019-07-09 01:30:12', 0, 1, 0, ''),
( 136,   80,                    'testsite136.com',                    'testsite136.com', 120,  1, null, 8820, null,                           '["wages","int_exchange","video"]', 11,    0, 1, 0, 'user_auto',    1, '2019-07-09 01:30:12', 0, 0, 1, ''),
( 137,   80,                    'testsite137.com',                    'testsite137.com', 120,  1, null, 8820, null,                                                  '["wages"]', 11,    0, 1, 0, 'user_auto',    1, '2019-07-09 01:30:12', 0, 0, 1, ''),
( 138,   80,                    'testsite138.com',                    'testsite138.com', 120,  1, null, 8820, null,                                                  '["wages"]', 11,    0, 1, 0, 'user_auto',    1, '2019-07-09 01:30:12', 0, 0, 1, ''),
( 139,   81,                    'testsite139.com',                    'testsite139.com', 120,  1, null, 8820, null,                                          '["wages","video"]', 11,    0, 1, 0, 'user_auto',    6, '2019-07-09 01:30:12', 0, 0, 1, ''),
( 140,   80,                    'testsite140.com',                    'testsite140.com', 120,  1, null, 8820, null,                                                  '["wages"]', 11,    0, 1, 0, 'user_auto',    1, '2019-07-09 01:30:12', 0, 0, 1, ''),
( 141,   31,                    'testsite141.com',                    'testsite141.com', 120,  1, null, 8820, null,                                                  '["wages"]', 11,    0, 1, 0, 'user_auto',    2, '2019-07-09 01:30:12', 0, 0, 1, ''),
( 142,   32,                    'testsite142.com',                    'testsite142.com', 149,  1,  130, null, null,                                  '["wages", "int_exchange"]', 11,    0, 1, 0, 'user_auto',    2, '2019-07-09 01:30:12', 0, 0, 1, ''),
( 143,    1,                    'testsite143.com',                    'testsite143.com', 120,  1, null, 8820, null,                                                  '["wages"]', 11,    0, 1, 0, 'user_auto',    1, '2019-07-09 01:30:12', 0, 0, 1, ''),
( 144,    1,                    'testsite144.com',                    'testsite144.com', 120,  1, null, 8820, null,                                                  '["wages"]', 11,    0, 1, 0, 'user_auto',    2, '2019-07-09 01:30:12', 0, 0, 1, ''),
( 145,   82,                    'testsite145.com',                    'testsite145.com', 120,  1, null, 8820, null,                                          '["wages","video"]', 11,    0, 1, 0, 'user_auto',    1, '2021-02-23 13:14:00', 0, 0, 1, ''),
( 146,   83,                    'testsite146.com',                    'testsite146.com', 123,  1, null, null, 'ua',                                       '["exchange","video"]', 11,   30, 1, 0, 'user_auto', null, '2021-02-23 13:14:00', 0, 0, 1, ''),
(1000, 1002,                'testsitegoodsmg.com',                'testsitegoodsmg.com', 120,  1, null, null, null,                           '["wages","int_exchange","video"]', 11,    0, 1, 0, 'user_auto', null, '2019-07-09 01:30:12', 0, 0, 1, ''),
(1001,    1,                'teststatisticks.com',                'teststatisticks.com', 120,  1, null, 8820, null,                                  '["wages", "int_exchange"]', 11,    0, 1, 0, 'user_auto', null, '2019-07-09 01:30:12', 0, 0, 1, ''),
(1002,    1,                       'copycopy.com',                       'copycopy.com', 120,  1, null, 8820, null,                                  '["wages", "int_exchange"]', 11,    0, 1, 0, 'user_auto', null, '2019-07-09 01:30:12', 0, 0, 1, ''),
(1003, 1000,                        'testhim.com',                        'testhim.com', 120,  1, null, 8820, null,                                  '["wages", "int_exchange"]', 11,    0, 1, 0, 'user_auto', null, '2019-07-09 01:30:12', 0, 0, 1, ''),
(1004,    2,                     'testsblack.com',                     'testsblack.com', 120,  1, null, null, null,                                                  '["wages"]', 11,    0, 1, 0, 'user_auto', null, '2019-07-09 01:30:12', 0, 0, 1, ''),
(1005,    2,                       'testsCis.com',                       'testsCis.com', 120,  1, null, null, null,                                                  '["wages"]', 11,    0, 1, 0, 'user_auto', null, '2019-07-09 01:30:12', 0, 0, 1, ''),
(1006, 1000,                     'testsblack.com',                     'testsblack.com', 120,  1, null, null, null,                                                  '["wages"]', 11,    0, 1, 0, 'user_auto', null, '2019-07-09 01:30:12', 0, 0, 1, ''),
(1007, 1000,                       'testsCis.com',                       'testsCis.com', 120,  1, null, null, null,                                                  '["wages"]', 11,    0, 1, 0, 'user_auto', null, '2019-07-09 01:30:12', 0, 0, 1, ''),
(1008,    3,                    'testslenta1.com',                    'testslenta1.com', 120,  1, null, null, null,                                                  '["wages"]', 11,    0, 1, 0, 'user_auto', null, '2019-07-09 01:30:12', 0, 0, 1, ''),
(1009,    2,                    'testslenta1.com',                    'testslenta1.com', 120,  1, null, null, null,                                                  '["wages"]', 11,    0, 1, 0, 'user_auto', null, '2019-07-09 01:30:12', 0, 0, 1, ''),
(1010, 1010,                         'payton.com',                         'payton.com', 120,  1, null, null, null,                         '["wages", "int_exchange", "video"]', 11,    0, 1, 0, 'user_auto', null, '2019-07-09 01:30:12', 0, 0, 1, ''),
(1011, 1000,                'testsblackblack.com',                'testsblackblack.com', 120,  1, null, null, null,                                                  '["wages"]', 11,    0, 1, 0, 'user_auto', null, '2019-07-09 01:30:12', 0, 0, 1, ''),
(1012,    2,                'testsblackblack.com',                'testsblackblack.com', 120,  1, null, null, null,                                                  '["wages"]', 11,    0, 1, 0, 'user_auto', null, '2019-07-09 01:30:12', 0, 0, 1, ''),
(1013, 1000,                    'testsblack1.com',                    'testsblack1.com', 120,  1, null, null, null,                                                  '["wages"]', 11,    0, 1, 0, 'user_auto', null, '2019-07-09 01:30:12', 0, 0, 1, ''),
(1014, 1000,                    'testsblack2.com',                    'testsblack2.com', 120,  1, null, null, null,                                                  '["wages"]', 11,    0, 1, 0, 'user_auto', null, '2019-07-09 01:30:12', 0, 0, 1, ''),
(1015,    2,                    'testsblack2.com',                    'testsblack2.com', 120,  1, null, null, null,                                                  '["wages"]', 11,    0, 1, 0, 'user_auto', null, '2019-07-09 01:30:12', 0, 0, 1, ''),
(1016, 1000,                     'connectiko.com',                     'connectiko.com', 120,  1, null, null, null,                                                  '["wages"]', 11,    0, 1, 0, 'user_auto', null, '2019-07-09 01:30:12', 0, 0, 1, ''),
(1017, 1000,                   'piggydogy.com.ua',                   'piggydogy.com.ua', 120,  1, null, null, null,                                                  '["wages"]', 11,    0, 1, 0, 'user_auto', null, '2019-07-09 01:30:12', 0, 0, 1, ''),
(1018, 1000,                      'badracoon.com',                      'badracoon.com', 120,  1, null, null, null,                                                  '["wages"]', 11,    0, 1, 0, 'user_auto', null, '2019-07-09 01:30:12', 0, 0, 1, ''),
(1019, 1005,                 'owesomeracoon1.com',                 'owesomeracoon1.com', 120,  1, null, null, null,                                                  '["wages"]', 11,    0, 1, 0, 'user_auto', null, '2019-07-09 01:30:12', 0, 0, 1,''),
(1020, 1003,                 'owesomeracoon2.com',                 'owesomeracoon2.com', 120,  1, null, null, null,                                                  '["wages"]', 11,    0, 1, 0, 'user_auto', null, '2019-07-09 01:30:12', 0, 0, 1,''),
(1021, 1000,                   'newsitefocal.com',                   'newsitefocal.com', 120,  1, null, null, null,                                                  '["wages"]', 11,    0, 1, 0, 'user_auto', null, '2019-07-09 01:30:12', 0, 0, 1,''),
(2001, 2001,                   'testsite2001.com',                   'testsite2001.com', 120,  1, null, null, null,                                                  '["wages"]', 11,    0, 1, 0, 'user_auto', null, '2020-10-01 01:30:12', 0, 0, 1, ''),
(2002, 2002,                   'testsite2002.com',                   'testsite2002.com', 120,  1, null, null, null,                                                  '["wages"]', 11,    0, 1, 0, 'user_auto', null, '2020-10-01 01:30:12', 0, 0, 1, ''),
(2003, 2021,                   'testsite2003.com',                   'testsite2003.com', 120,  1, null, null, null,                         '["wages", "int_exchange", "video"]', 11,    0, 1, 0, 'user_auto',    4, '2020-11-19 18:30:00', 0, 0, 1, ''),
(2004, 2001,                   'testsite2004.com',                   'testsite2004.com', 120,  1, null, 8820, null,                                  '["wages", "int_exchange"]', 11,    0, 1, 0, 'user_auto',    4, '2020-10-01 01:30:12', 0, 0, 1, ''),
(2005, 2002,                   'testsite2005.com',                   'testsite2005.com', 120,  1, null, null, null,                                                  '["wages"]', 11,    0, 1, 0, 'user_auto', null, '2020-10-01 01:30:12', 0, 0, 1, ''),
(2006, 2021,               'test-for-ads-txt.com',               'test-for-ads-txt.com', 120,  1, null, null, null,                                                  '["wages"]', 11,    0, 1, 0, 'user_auto', null, '2021-01-19 13:14:00', 0, 0, 1, ''),
(2007, 2021,              'test-with-ads-txt.com',              'test-with-ads-txt.com', 120,  1, null, null, null,                                                  '["wages"]', 11,    0, 1, 0, 'user_auto', null, '2021-01-19 13:14:00', 0, 0, 1, ''),
(2008, 2022,           'test-site-with-video.com',           'test-site-with-video.com', 120,  1, null, 8820, null,                                          '["wages","video"]', 11,    0, 1, 0, 'user_auto',    1, '2021-02-23 13:14:00', 0, 0, 1, ''),
(2009, 2023,           'test-site-with-video.com',           'test-site-with-video.com', 120,  1, null, 8820, 'ua',                                       '["exchange","video"]', 11, 2001, 1, 0, 'user_auto',    1, '2021-02-24 13:14:00', 0, 0, 1, ''),
(2010, 2022,          'test-video-groups-cab.com',          'test-video-groups-cab.com', 120,  1, null, 8820, null,                                          '["wages","video"]', 11,    0, 1, 0, 'user_auto',    5, '2021-03-03 13:14:00', 0, 0, 1, ''),
(2011, 2021,'test-site-with-ads-txt-combined.com','test-site-with-ads-txt-combined.com', 120,  1, null, null, null,                                                  '["wages"]', 11,    0, 1, 0, 'user_auto', null, '2021-05-11 13:14:00', 0, 0, 1, ''),
(2012, 2021,         'test-site-with-ads-txt.com',         'test-site-with-ads-txt.com', 120,  1, null, null, null,                                                  '["wages"]', 11,    0, 1, 0, 'user_auto', null, '2021-05-11 13:14:00', 0, 0, 1, ''),
(2013, 2001,        'test-site-for-postmoder.com',        'test-site-for-postmoder.com', 120,  1, null, null, null,                                                  '["wages"]', 11,    0, 1, 0, 'user_auto', null, '2021-05-11 13:14:00', 1, 0, 1, ''),
(2014, 2031,       'test-site-for-disclaimer.com',       'test-site-for-disclaimer.com', 120,  1, null, null, null,                                                  '["wages"]', 11,    0, 1, 0, 'user_auto', null, '2021-06-11 19:14:00', 0, 0, 1, ''),
(2015, 2032,           'test-site-for-criteo.com',           'test-site-for-criteo.com', 120,  1, null, null, 'ua',                                       '["wages","exchange"]', 11,    0, 1, 0, 'user_auto', null, '2021-06-11 19:14:00', 0, 0, 1, ''),
(2016, 2023,          'test site for import news',                       'tmp.dt07.net', 120,  1, null, 8820, 'ua',                                               '["exchange"]', 11, 2001,1,0 ,  'user_auto',    1, '2021-08-19 14:15:00', 0, 0, 1, ''),
(2017, 2001,     'testsite2017-push-provider.com',     'testsite2017-push-provider.com', 150,  1, null, null, null,                                                  '["wages"]', 11,    0, 1, 0, 'user_auto', null, '2021-08-25 13:44:12', 0, 0, 1, ''),
(2018, 2001,     'testsite2018-source-domain.com',     'testsite2018-source-domain.com', 120,  1, null, null, null,                                                  '["wages"]', 11,    0, 1, 0, 'user_auto', null, '2021-08-25 13:44:12', 0, 0, 1, ''),
(2019, 2023,          'test site for create news',             'test-site-for-nbsp.net', 120,  1, null, 8820, 'ua',                                               '["exchange"]', 11, 2004, 1, 0, 'user_auto',    1, '2021-10-08 18:15:00', 0, 0, 1, ''),
(2020, 2001,             'gdpr-macroses-test.com',             'gdpr-macroses-test.com',   0,  1, null, 8820, null,                           '["wages","int_exchange","video"]', 11,    0, 1, 0, 'user_auto',    1, '2021-10-12 04:11:58', 0, 0, 1, ''),
(2021, 2023,                   'testsite2021.com',                   'testsite2021.com', 120,  1, null, 8820, 'ua',                                       '["exchange","video"]', 11, 2005, 1, 0, 'user_auto',    1, '2021-02-24 13:14:00', 0, 0, 1, ''),
(2022, 2023,                   'testsite2022.com',                   'testsite2022.com', 120,  1, null, 8820, 'ua',                                       '["exchange","video"]', 11, 2006, 1, 0, 'user_auto',    1, '2021-02-24 13:14:00', 0, 0, 1, ''),
(2023, 2023,                   'testsite2023.com',                   'testsite2023.com', 120,  1, null, 8820, 'ua',                                       '["exchange","video"]', 11, 2007, 1, 0, 'user_auto',    1, '2021-02-24 13:14:00', 0, 0, 1, ''),
(2024, 2023,                   'testsite2024.com',                   'testsite2024.com', 120,  1, null, 8820, 'ua',                                       '["exchange","video"]', 11, 2008, 1, 0, 'user_auto',    1, '2021-02-24 13:14:00', 0, 0, 1, ''),
(2025, 2001,                'testsitegoodsmg.com',                'testsitegoodsmg.com', 120,  1, null, null, null,                                   '["int_exchange","video"]', 11,    0, 1, 0, 'user_auto', null, '2022-01-21 13:30:12', 0, 0, 1, ''),
(2026, 2044,                'testsitegoodsmg.com',                'testsitegoodsmg.com', 120,  1, null, null, null,                                   '["int_exchange","video"]', 11,    0, 1, 0, 'user_auto',  null,'2022-04-12 13:30:12', 0, 0, 1, ''),
(2027, 2001,                   'testsite2027.com',                   'testsite2027.com', 120,  1, null, null, null,                                                  '["wages"]', 11,    0, 1, 0, 'user_auto', null, '2022-08-22 14:30:12', 0, 0, 1, ''),
(2028, 2076,                      'site-push.com',                      'site-push.com', 120,  1, null, 8820, null,                                  '["wages", "int_exchange"]', 11,    0, 1, 0, 'user_auto',    6, '2022-05-30 01:30:12', 0, 0, 1, ''),
(3001, 3001,                         'test-t.com',                         'test-t.com',   0,  1, null, null, null,                           '["wages","int_exchange","video"]', 11,    0, 1, 0, 'user_auto',    1, '2021-10-12 04:11:58', 0, 0, 1, ''),
(3002, 3002,                         'test-t.com',                         'test-t.com',   0,  1, null, null, null,                           '["wages","int_exchange","video"]', 11,    0, 1, 0, 'user_auto',    1, '2021-10-12 04:11:58', 0, 0, 1, ''),
(3003, 3003,                         'test-t.com',                         'test-t.com',   0,  1, null, null, null,                           '["wages","int_exchange","video"]', 11,    0, 1, 0, 'user_auto',    1, '2021-10-12 04:11:58', 0, 0, 1, ''),
(3004, 3004,                        'test-2t.com',                        'test-2t.com',   0,  1, null, null, null,                           '["wages","int_exchange","video"]', 11,    0, 1, 0, 'user_auto',    1, '2021-10-12 04:11:58', 0, 0, 1, ''),
(3005, 3005,                        'test-3t.com',                        'test-3t.com',   0,  1, null, null, null,                           '["wages","int_exchange","video"]', 11,    0, 1, 0, 'user_auto',    1, '2021-10-12 04:11:58', 0, 0, 1, ''),
(3006, 3006,                        'test-4t.com',                        'test-4t.com',   0,  1, null, null, null,                           '["wages","int_exchange","video"]', 11,    0, 1, 0, 'user_auto',    1, '2021-10-12 04:11:58', 0, 0, 1, ''),
(3007, 3007,                        'test-5t.com',                        'test-5t.com',   0,  1, null, null, null,                           '["wages","int_exchange","video"]', 11,    0, 1, 0, 'user_auto',    1, '2021-10-12 04:11:58', 0, 0, 1, ''),
(5000, 5000,                  'testsite5000.com',                  'testsite5000.com', 120,  1, null, null, null,                            '["wages","video", "int_exchange"]', 11,    0, 1, 0, 'user_auto', null, '2022-05-03 01:30:12', 0, 0, 1, ''),
(5001, 5001,                  'testsite5001.com',                  'testsite5001.com', 120,  1, null, null, null,                            '["wages","video", "int_exchange"]', 11,    0, 1, 0, 'user_auto', null, '2022-05-03 01:30:12', 0, 0, 1, ''),
(5002, 5002,                  'testsite5002.com',                  'testsite5002.com', 120,  1, null, null, null,                            '["wages","video", "int_exchange"]', 11,    0, 1, 0, 'user_auto', null, '2022-05-03 01:30:12', 0, 0, 1, ''),
(6000, 6000,                   'testsite6000.com',                   'testsite6000.com', 120,  1, null, null, 'ua',                           '["wages","int_exchange","video"]', 11,    0, 1, 0, 'user_auto', null, '2019-07-09 01:30:12', 0, 0, 1, ''),
(6001, 6000,                   'testsite6001.com',                   'testsite6001.com', 123,  1, null, 8820, 'ua',                           '["wages","int_exchange","video"]', 11,    0, 1, 0, 'user_auto', null, '2019-07-09 01:30:12', 0, 0, 1, ''),
(7001, 7001,                   'testsite7001.com',                   'testsite7001.com', 123,  1, null, 8820, 'ua',                                               '["exchange"]', 11, 7001, 1, 1, 'user_auto',    6, '2019-07-09 01:30:12', 0, 0, 1, ''),
(7002, 7002,                   'testsite7002.com',                   'testsite7002.com', 123,  1, null, 8820, 'ua',                                                  '["wages"]', 11,    0, 1, 0, 'user_auto', null, '2019-07-09 01:30:12', 0, 0, 1, ''),
(7003, 7003,                   'testsite7003.com',                   'testsite7003.com', 123,  1, null, 8820, 'ua',                                   '["wages","int_exchange"]', 11,    0, 1, 1, 'user_auto',    6, '2019-07-09 01:30:12', 0, 0, 1, ''),
(7004, 7003,                   'testsite7004.com',                   'testsite7004.com', 123,  1, null, 8820, 'ua',                                   '["wages","int_exchange"]', 11,    0, 1, 1, 'user_auto',    6, '2019-07-09 01:30:12', 0, 0, 1, ''),
(7005, 7002,                   'testsite7005.com',                   'testsite7005.com', 123,  1, null, 8820, 'ua',                                   '["wages","int_exchange"]', 11,    0, 1, 1, 'user_auto',    6, '2019-07-09 01:30:12', 0, 0, 1, ''),
(7006, 7004,                   'testsite7006.com',                   'testsite7006.com', 123,  1, null, 8820, 'ua',                                   '["wages","int_exchange"]', 11,    0, 1, 0, 'user_auto',    6, '2019-07-09 01:30:12', 0, 0, 1, ''),
(7007, 7004,                   'testsite7007.com',                   'testsite7007.com', 123,  1, null, 8820, 'ua',                                   '["wages","int_exchange"]', 11,    0, 1, 1, 'user_auto',    6, '2019-07-09 01:30:12', 0, 0, 1, ''),
(7008, 7004,                   'testsite7008.com',                   'testsite7008.com', 123,  1, null, 8820, 'ua',                                   '["wages","int_exchange"]', 11,    0, 1, 1, 'user_auto',    6, '2019-07-09 01:30:12', 0, 0, 1, '');
-- partners_1
INSERT INTO partners.partners_1(id, client_id, client_site_id, name, subnet, content_groups, news_livetime, strong_measures, who_add, lang, landing_types, use_auto_creative, news_max_duplicates_count, show_name, languages_id) VALUES
( 1,    3,    3,            'testsiteim.com', 3, '["1","2","3","4","5","6"]', 90, 1, 'user_auto', 7, 'g,pg,r', 1, 50, 'test',  1),
( 2,    4,    4,         'testsitelenta.com', 3, '["1","2","3"]', 90, 1, 'user_auto', 7, 'g,pg,r', 1, 50, 'test',  1),
( 3,    9,    9,        'testsitelenta1.com', 3, '["1","2","3"]', 90, 1, 'user_auto', 7, 'g,pg,r', 1, 50, 'test',  1),
( 4,   10,   10,        'testsitelenta2.com', 3, '["1","2","3"]', 90, 1, 'user_auto', 7, 'g,pg,r', 1, 50, 'test',  1),
( 5,   11,   11,        'testsitelenta3.com', 3, '["1","2","3"]', 90, 1, 'user_auto', 7, 'g,pg,r', 1, 50, 'test',  1),
( 6,   15,   15,        'testsitelenta4.com', 3, '["1","2","3"]', 90, 1, 'user_auto', 7, 'g,pg,r', 1, 50, 'test',  1),
( 7,   16,   16,        'testsitelenta6.com', 3, '["1","2","3"]', 90, 1, 'user_auto', 7, 'g,pg,r', 1, 50, 'test',  1),
( 8,   28,   27,            'testsite28.com', 3,     '["1","2"]', 90, 1, 'user_auto', 7,      'g', 1, 50, 'test',  1),
( 9,    4,   57,            'testsite58.com', 3,         '["2"]', 90, 1, 'user_auto', 7,     'pg', 1, 50, 'test',  1),
(11,   37,   64,            'testsite65.com', 3, '["1","2","3"]', 90, 1, 'user_auto', 7, 'g,pg,r', 1, 50, 'test',  1),
(12,   40,   67,            'testsite68.com', 3, '["1","2","3"]', 90, 1, 'user_auto', 7, 'g,pg,r', 1, 50, 'test',  1),
(13,   44,   71,            'testsite72.com', 3, '["1","2","3"]', 90, 1, 'user_auto', 7, 'g,pg,r', 1, 50, 'test',  1),
(14,   45,   72,            'testsite73.com', 3,     '["1","2"]', 90, 1, 'user_auto', 7, 'g,pg,r', 1, 50, 'test',  1),
(15,   46,   73,            'testsite74.com', 3,     '["1","2"]', 90, 1, 'user_auto', 7, 'g,pg,r', 1, 50, 'test',  1),
(16,   47,   74,            'testsite75.com', 3, '["1","2","3"]', 90, 1, 'user_auto', 7, 'g,pg,r', 1, 50, 'test',  1),
(17,   50,   77,            'testsite78.com', 3, '["1","2","3"]', 90, 1, 'user_auto', 7, 'g,pg,r', 1, 50, 'test',  1),
(18,   51,   78,            'testsite79.com', 3, '["1","2","3"]', 90, 1, 'user_auto', 7, 'g,pg,r', 1, 50, 'test',  1),
(19,   55,   89,            'testsite89.com', 3, '["1","2","3"]', 90, 1, 'user_auto', 7, 'g,pg,r', 1, 50, 'test',  1),
(20,   58,   92,            'testsite92.com', 3, '["1","2","3"]', 90, 1, 'user_auto', 7, 'g,pg,r', 1, 50, 'test',  1),
(21,   61,   95,            'testsite95.com', 3, '["1","2","3"]', 90, 1, 'user_auto', 7, 'g,pg,r', 1, 50, 'test',  1),
(22,   65,   104,          'testsite104.com', 3, '["1","2","3"]', 90, 1, 'user_auto', 7, 'g,pg,r', 1, 50, 'test',  1),
(23,   61,   106,          'testsite106.com', 3, '["1","2","3"]', 90, 1, 'user_auto', 7, 'g,pg,r', 1, 50, 'test',  1),
(24,   66,   110,          'testsite110.com', 3, '["1","2","3"]', 90, 1, 'user_auto', 7, 'g,pg,r', 1, 50, 'test',  1),
(25,   66,   111,          'testsite111.com', 3, '["1","2","3"]', 90, 1, 'user_auto', 7, 'g,pg,r', 1, 50, 'test',  1),
(26,   67,   112,          'testsite112.com', 3,     '["1","2"]', 90, 1, 'user_auto', 7, 'g,pg,r', 1, 50, 'test',  1),
(27,   67,   113,          'testsite113.com', 3,     '["1","2"]', 90, 1, 'user_auto', 7, 'g,pg,r', 1, 50, 'test',  1),
(28,   76,   115,          'testsite125.com', 3,     '["1","2"]', 90, 1, 'user_auto', 7, 'g,pg,r', 1, 50, 'test',  1),
(29,   78,   131,          'testsite131.com', 3,     '["1","2"]', 90, 1, 'user_auto', 7, 'g,pg,r', 1, 50, 'test',  1),
(30,   83,   146,          'testsite146.com', 3,     '["1","2"]', 90, 1, 'user_auto', 7, 'g,pg,r', 1, 50, 'test',  1),
(2001, 2023, 2009, 'test-site-with-video.com',3, '["1","2","3"]', 90, 1, 'user_auto', 7, 'g,pg,r', 1, 50, 'test',  1),
(2002, 2032, 2015, 'test-site-for-criteo.com',3, '["1","2","3"]', 90, 1, 'user_auto', 7, 'g,pg,r', 1, 50, 'test',  1),
(2003, 2023, 2016,'test site for import news',3, '["1","2","3"]', 90, 1, 'user_auto', 7, 'g,pg,r', 1, 50, 'test',  1),
(2004, 2023, 2019,'test site for create news',3, '["1","2","3"]', 90, 1, 'user_auto', 7, 'g,pg,r', 1, 50, 'test',  1),
(2005, 2023, 2021,         'testsite2021.com',3, '["1","2","3"]', 90, 1, 'user_auto', 7, 'g,pg,r', 1, 50, 'test',  1),
(2006, 2023, 2022,         'testsite2022.com',3, '["1","2","3"]', 90, 1, 'user_auto', 7, 'g,pg,r', 1, 50, 'test',  1),
(2007, 2023, 2023,         'testsite2023.com',3, '["1","2","3"]', 90, 1, 'user_auto', 7, 'g,pg,r', 1, 50, 'test',  1),
(2008, 2023, 2024,         'testsite2024.com',3, '["1","2","3"]', 90, 1, 'user_auto', 7, 'g,pg,r', 1, 50, 'test',  1),
(5000, 5000, 5000,       'testsite5000.com', 0, '["1","2","3"]', 90, 1, 'user_auto', 7, 'g,pg,r', 1, 50, 'test',  1),
(5001, 5001, 5001,       'testsite5001.com', 2, '["1","2","3"]', 90, 1, 'user_auto', 7, 'g,pg,r', 1, 50, 'test',  1),
(5002, 5002, 5002,       'testsite5002.com', 3, '["1","2","3"]', 90, 1, 'user_auto', 7, 'g,pg,r', 1, 50, 'test',  1),
(7001, 7001, 7001,         'testsite7001.com',3, '["1","2","3"]', 90, 1, 'user_auto', 7, 'g,pg,r', 1, 50, 'test',  1);
-- clients_sites_statuses
INSERT INTO partners.clients_sites_statuses (id, client_site_id, id_partners_1, client_site_section, subnet, status_id, mirror) VALUES
                                            (   1,    1,    0,    'wages', 0, 3, ''),
                                            (   2,    2,    0,    'wages', 2, 3, ''),
                                            (   3,    3,    1,    'wages', 3, 3, 'idealmedia'),
                                            (   4,    4,    2,    'wages', 3, 3, 'idealmedia'),
                                            (   5,    5,    0,    'wages', 0, 3, ''),
                                            (   6,    6,    0, 'goodhits', 0, 3, ''),
                                            (   7,    7,    0, 'goodhits', 2, 3, ''),
                                            (   8,    8,    0,    'wages', 0, 3, ''),
                                            (   9,    9,    3,    'wages', 3, 3, 'idealmedia'),
                                            (  10,   10,    4,    'wages', 3, 3, 'idealmedia'),
                                            (  11,   11,    5,    'wages', 3, 3, 'idealmedia'),
                                            (  12,   12,    0, 'goodhits', 0, 3, ''),
                                            (  13,   13,    0, 'goodhits', 0, 3, ''),
                                            (  14,   14,    0, 'goodhits', 0, 3, ''),
                                            (  15,   15,    6,    'wages', 3, 3, 'idealmedia'),
                                            (  16,   16,    7,    'wages', 3, 3, 'idealmedia'),
                                            (  17,   17,    0,    'wages', 0, 2, ''),
                                            (  18,   18,    0,    'wages', 0, 2, ''),
                                            (  19,   19,    0,    'wages', 0, 2, ''),
                                            (  20,   20,    0,    'wages', 0, 2, ''),
                                            (  21,   21,    0,    'wages', 0, 3, ''),
                                            (  22,   22,    0,    'wages', 0, 3, ''),
                                            (  23,   23,    0,    'wages', 0, 3, ''),
                                            (  24,   24,    0,    'wages', 0, 3, 'adgage'),
                                            (  25,   25,    0,    'wages', 0, 3, 'adgage'),
                                            (  26,   26,    0,    'wages', 0, 3, 'epeex'),
                                            (  27,   27,    8,    'wages', 3, 3, 'idealmedia'),
                                            (  28,   28,    0,    'wages', 0, 3, ''),
                                            (  29,   29,    0,    'wages', 0, 3, ''),
                                            (  30,   30,    0,    'wages', 2, 3, ''),
                                            (  31,   31,    0,    'wages', 0, 3, ''),
                                            (  32,   32,    0,    'wages', 0, 3, ''),
                                            (  33,   33,    0,    'wages', 0, 3, ''),
                                            (  34,   34,    0,    'wages', 0, 3, ''),
                                            (  35,   35,    0,    'wages', 0, 3, ''),
                                            (  36,   36,    0,    'wages', 0, 3, ''),
                                            (  37,   37,    0,    'wages', 0, 1, ''),
                                            (  38,   38,    0,    'wages', 0, 1, ''),
                                            (  39,   39,    0,    'wages', 0, 1, ''),
                                            (  40,   40,    0,    'wages', 0, 1, ''),
                                            (  41,   41,    0,    'wages', 0, 1, ''),
                                            (  42,   42,    0,    'wages', 0, 3, ''),
                                            (  43,   43,    0,    'wages', 0, 3, ''),
                                            (  44,   44,    0,    'wages', 0, 1, ''),
                                            (  45,   45,    0,    'wages', 0, 1, ''),
                                            (  46,   46,    0,    'wages', 0, 1, ''),
                                            (  47,   47,    0,    'wages', 0, 1, ''),
                                            (  48,   48,    0,    'wages', 0, 3, ''),
                                            (  49,   49,    0,    'wages', 0, 3, ''),
                                            (  50,   50,    0,    'wages', 0, 3, ''),
                                            (  51,   51,    0,    'wages', 0, 3, ''),
                                            (  52,   52,    0,    'wages', 0, 3, ''),
                                            (  53,   53,    0,    'wages', 0, 1, ''),
                                            (  54,   54,    0,    'wages', 0, 1, ''),
                                            (  55,   55,    0,    'wages', 0, 1, ''),
                                            (  56,   56,    0,    'wages', 0, 3, ''),
                                            (  57,   57,    9,    'wages', 3, 3, 'idealmedia'),
                                            (  58,   58,    0,    'wages', 0, 3, ''),
                                            (  59,   59,    0,    'wages', 0, 3, ''),
                                            (  60,   60,    0,    'wages', 0, 3, ''),
                                            (  61,   61,    0,    'wages', 0, 3, ''),
                                            (  62,   62,    0,    'wages', 0, 3, ''),
                                            (  63,   63,    0,    'wages', 0, 3, ''),
                                            (  64,   64,   11,    'wages', 3, 3, 'idealmedia'),
                                            (  65,   65,    0,    'wages', 0, 3, ''),
                                            (  66,   66,    0,    'wages', 2, 3, ''),
                                            (  67,   67,   12,    'wages', 3, 3, 'idealmedia'),
                                            (  68,   68,    0,    'wages', 0, 3, ''),
                                            (  69,   69,    0,    'wages', 0, 3, ''),
                                            (  70,   70,    0,    'wages', 2, 3, ''),
                                            (  71,   71,   13,    'wages', 3, 3, 'idealmedia'),
                                            (  72,   72,   14,    'wages', 3, 3, 'idealmedia'),
                                            (  73,   73,   15,    'wages', 3, 3, 'idealmedia'),
                                            (  74,   74,   16,    'wages', 3, 3, 'idealmedia'),
                                            (  75,   75,    0,    'wages', 0, 3, ''),
                                            (  76,   76,    0,    'wages', 0, 3, ''),
                                            (  77,   77,   17,    'wages', 3, 3, 'idealmedia'),
                                            (  78,   78,   18,    'wages', 3, 3, 'idealmedia'),
                                            (  80,   80,    0,    'wages', 0, 3, ''),
                                            (  81,   81,    0,    'wages', 0, 3, ''),
                                            (  82,   82,    0,    'wages', 0, 3, ''),
                                            (  83,   83,    0,    'wages', 0, 3, ''),
                                            (  84,   84,    0,    'wages', 0, 3, ''),
                                            (  85,   85,    0,    'wages', 0, 3, ''),
                                            (  86,   86,    0,    'wages', 0, 3, ''),
                                            (  87,   87,    0,    'wages', 0, 3, ''),
                                            (  88,   88,    0,    'wages', 0, 3, ''),
                                            (  89,   89,   19,    'wages', 3, 3, 'idealmedia'),
                                            (  90,   90,    0,    'wages', 0, 3, ''),
                                            (  91,   91,    0,    'wages', 0, 3, ''),
                                            (  92,   92,   20,    'wages', 3, 3, 'idealmedia'),
                                            (  93,   93,    0,    'wages', 0, 3, ''),
                                            (  94,   94,    0,    'wages', 0, 3, ''),
                                            (  95,   95,   21,    'wages', 3, 3, 'idealmedia'),
                                            (  96,   96,    0,    'wages', 0, 3, ''),
                                            (  97,   97,    0,    'wages', 0, 3, ''),
                                            (  98,   98,    0,    'wages', 0, 3, ''),
                                            (  99,   99,    0,    'wages', 2, 3, ''),
                                            ( 100,  100,    0,    'wages', 0, 3, ''),
                                            ( 101,  101,    0,    'wages', 0, 3, ''),
                                            ( 102,  102,    0,    'wages', 0, 3, ''),
                                            ( 103,  103,    0,    'wages', 0, 3, ''),
                                            ( 104,  104,   22,    'wages', 3, 3, 'idealmedia'),
                                            ( 105,  105,    0,    'wages', 0, 3, ''),
                                            ( 106,  106,   23,    'wages', 3, 3, 'idealmedia'),
                                            ( 107,  107,    0,    'wages', 0, 3, ''),
                                            ( 108,  108,    0,    'wages', 0, 3, ''),
                                            ( 109,  109,    0,    'wages', 0, 3, ''),
                                            ( 110,  110,   24,    'wages', 3, 3, 'idealmedia'),
                                            ( 111,  111,   25,    'wages', 3, 3, 'idealmedia'),
                                            ( 112,  112,   26,    'wages', 3, 3, 'idealmedia'),
                                            ( 113,  113,   27,    'wages', 3, 3, 'idealmedia'),
                                            ( 114,  114,    0,    'wages', 0, 3, ''),
                                            ( 115,  115,    0,    'wages', 0, 3, ''),
                                            ( 116,  116,    0,    'wages', 0, 3, ''),
                                            ( 117,  117,    0,    'wages', 0, 3, ''),
                                            ( 118,  118,    0,    'wages', 0, 3, ''),
                                            ( 119,  119,    0,    'wages', 0, 3, ''),
                                            ( 120,  120,    0,    'wages', 0, 3, ''),
                                            ( 121,  121,    0,    'wages', 0, 3, ''),
                                            ( 122,  122,    0,    'wages', 0, 3, ''),
                                            ( 123,  123,    0,    'wages', 0, 3, ''),
                                            ( 124,  124,    0,    'wages', 0, 3, ''),
                                            ( 125,  125,   28,    'wages', 3, 3, 'idealmedia'),
                                            ( 126,  126,    0,    'wages', 0, 3, ''),
                                            ( 127,  127,    0,    'wages', 0, 3, ''),
                                            ( 128,  128,    0,    'wages', 0, 3, ''),
                                            ( 129,  129,    0,    'wages', 0, 3, ''),
                                            ( 130,  130,    0,    'wages', 0, 3, ''),
                                            ( 131,  131,   29,    'wages', 3, 3, 'idealmedia'),
                                            ( 132,  132,    0,    'wages', 0, 3, ''),
                                            ( 133,  133,    0,    'wages', 0, 3, ''),
                                            ( 134,  134,    0,    'wages', 0, 3, ''),
                                            ( 135,  135,    0,    'wages', 0, 3, ''),
                                            ( 136,  136,    0,    'wages', 0, 3, ''),
                                            ( 137,  137,    0,    'wages', 0, 3, ''),
                                            ( 138,  138,    0,    'wages', 0, 3, ''),
                                            ( 139,  139,    0,    'wages', 0, 3, ''),
                                            ( 140,  140,    0,    'wages', 0, 3, ''),
                                            ( 141,  141,    0,    'wages', 0, 1, ''),
                                            ( 142,  142,    0,    'wages', 0, 1, ''),
                                            ( 143,  143,    0,    'wages', 0, 2, ''),
                                            ( 144,  144,    0,    'wages', 0, 2, ''),
                                            ( 145,  145,    0,    'wages', 0, 3, ''),
                                            ( 146,  146,   30,    'wages', 3, 3, 'idealmedia'),
                                            (1000, 1000,    0, 'goodhits', 0, 3, ''),
                                            (1001, 1001,    0,    'wages', 0, 3, ''),
                                            (1002, 1002,    0, 'goodhits', 0, 3, ''),
                                            (1003, 1003,    0, 'goodhits', 0, 3, ''),
                                            (1004,    4,    0, 'goodhits', 3, 3, 'idealmedia'),
                                            (1005, 1004,    0, 'goodhits', 2, 3, ''),
                                            (1006, 1005,    0, 'goodhits', 2, 3, ''),
                                            (1007, 1006,    0, 'goodhits', 0, 3, ''),
                                            (1008, 1007,    0, 'goodhits', 0, 3, ''),
                                            (1009, 1008,    0, 'goodhits', 3, 3, 'idealmedia'),
                                            (1010, 1009,    0, 'goodhits', 2, 3, ''),
                                            (1011, 1011,    0, 'goodhits', 0, 3, ''),
                                            (1012, 1012,    0, 'goodhits', 2, 3, ''),
                                            (1013, 1013,    0, 'goodhits', 0, 3, ''),
                                            (1014, 1014,    0, 'goodhits', 0, 3, ''),
                                            (1015, 1015,    0, 'goodhits', 2, 3, ''),
                                            (1016, 1016,    0, 'goodhits', 0, 3, ''),
                                            (1017, 1017,    0, 'goodhits', 0, 3, ''),
                                            (1021, 1021,    0, 'goodhits', 0, 3, ''),
                                            (2001, 2001,    0,    'wages', 0, 3, ''),
                                            (2002, 2002,    0,    'wages', 0, 3, ''),
                                            (2003, 2003,    0,    'wages', 0, 3, ''),
                                            (2004, 2004,    0,    'wages', 0, 3, ''),
                                            (2005, 2005,    0,    'wages', 0, 3, ''),
                                            (2006, 2006,    0,    'wages', 0, 3, ''),
                                            (2007, 2007,    0,    'wages', 0, 3, ''),
                                            (2008, 2008,    0,    'wages', 0, 3, ''),
                                            (2009, 2009, 2001,    'wages', 3, 3, 'idealmedia'),
                                            (2010, 2010,    0,    'wages', 0, 3, ''),
                                            (2011, 2011,    0,    'wages', 0, 3, ''),
                                            (2012, 2012,    0,    'wages', 0, 3, ''),
                                            (2013, 2013,    0,    'wages', 0, 3, ''),
                                            (2014, 2014,    0,    'wages', 0, 3, ''),
                                            (2015, 2015,    0,    'wages', 3, 3, 'idealmedia'),
                                            (2016, 2016, 2003,    'wages', 3, 3, 'idealmedia'),
                                            (2017, 2017,    0,    'wages', 0, 3, ''),
                                            (2018, 2018,    0,    'wages', 0, 3, ''),
                                            (2019, 2019,    0,    'wages', 0, 3, ''),
                                            (2020, 2020,    0, 'goodhits', 0, 3, ''),
                                            (2021, 2021, 2005, 'goodhits', 3, 3, 'idealmedia'),
                                            (2022, 2022, 2006, 'goodhits', 3, 3, 'idealmedia'),
                                            (2023, 2023, 2007, 'goodhits', 3, 3, 'idealmedia'),
                                            (2024, 2024, 2008, 'goodhits', 3, 3, 'idealmedia'),
                                            (2025, 2025,    0, 'goodhits', 0, 3, ''),
                                            (2026, 2026,    0, 'goodhits', 0, 3, ''),
                                            (2027, 2027,    0,    'wages', 0, 3, ''),
                                            (2028, 2028,    0,    'wages', 0, 3, ''),
                                            (3001, 3001,    0, 'goodhits', 0, 3, ''),
                                            (3002, 3001,    0,    'wages', 0, 3, ''),
                                            (3004, 3003,    0, 'goodhits', 2, 3, ''),
                                            (3003, 3003,    0,    'wages', 2, 3, ''),
                                            (3006, 3004,    0,    'wages', 3, 3, 'idealmedia'),
                                            (3005, 3005,    0,    'wages', 0, 3, ''),
                                            (3007, 3006,    0,    'wages', 3, 3, 'idealmedia'),
                                            (3008, 3007,    0,    'wages', 2, 3, ''),
                                            (5000, 5000,    0, 'goodhits', 0, 3, ''),
                                            (5001, 5001,    0, 'goodhits', 2, 3, ''),
                                            (5002, 5002,    0, 'goodhits', 3, 3, 'idealmedia'),
                                            (6000, 6000, 6000,    'wages', 3, 3, ''),
                                            (6001, 6001, 6000,    'wages', 3, 3, ''),
                                            (7001, 7001,    0,    'wages', 3, 3, 'idealmedia'),
                                            (7002, 7002,    0,    'wages', 0, 3, ''),
                                            (7003, 7003,    0,    'wages', 0, 3, ''),
                                            (7004, 7004,    0,    'wages', 0, 3, ''),
                                            (7006, 7006,    0,    'wages', 0, 3, ''),
                                            (7007, 7007,    0,    'wages', 0, 3, ''),
                                            (7008, 7008,    0,    'wages', 0, 3, '');
